{
  "assetsByChunkName": {
    "vendors~app-account~app-confirmation~app-order": "chunk.9b0f36aaf21fc3fc38fb.js",
    "vendors~app-account~app-checkout": "chunk.3087645128a8872d3c89.js",
    "vendors~app-cart~app-checkout": "chunk.8b95387cddb20e936b25.js",
    "admin": [
      "admin.fa27609308b320da4acc.js",
      "admin.fa27609308b320da4acc.js.map"
    ],
    "app-account": "chunk.d76250024d597f8a8531.js",
    "app-checkout": "chunk.d1edfae3e0b94a645dd2.js",
    "app-confirmation": "chunk.efee93a03c55f4d42596.js",
    "checkout": [
      "checkout.9ffe8e7665f7d09e50e0.js",
      "checkout.9ffe8e7665f7d09e50e0.js.map"
    ],
    "storefront": [
      "storefront.2ae74a81e6cff4234802.css",
      "storefront.0048dbc576db936b6653.js",
      "storefront.2ae74a81e6cff4234802.css.map",
      "storefront.0048dbc576db936b6653.js.map"
    ],
    "vendors~app-cart": "chunk.1db47d776ee4c105222b.js",
    "vendors~app-order": "chunk.e38ea9fea3b0793dd0d0.js"
  }
}