{
  "description": {
    "title": "",
    "text": ""
  },
  "links_1": {
    "list_pages": true,
    "title": "Suporte",
    "list": []
  },
  "links_2": {
    "list_categories": true,
    "title": "Categorias",
    "list": []
  },
  "contacts": {
    "title": "Contatos",
    "phone_wpp": true,
    "socials": true,
    "email": true,
    "address": true
  },
  "stamps": [
    {
      "src": "/img/uploads/selo-ssl.webp",
      "alt": "Secure connection",
      "width": 150,
      "height": 62,
      "link": "https://www.sslshopper.com/ssl-checker.html#hostname=isensat.com.br"
    },
    {
      "src": "/img/uploads/selo-norton-secured-1-.webp",
      "link": "https://safeweb.norton.com/report?url=isensat.com.br"
    },
    {
      "src": "/img/uploads/google-selo-1.webp",
      "link": "https://transparencyreport.google.com/safe-browsing/search?url=isensat.com.br"
    }
  ],
  "payment_methods": {
    "pix": true,
    "visa": true,
    "mastercard": true,
    "elo": true,
    "amex": false,
    "hipercard": true,
    "boleto": true,
    "paypal": true
  },
  "credits": ""
}