{
  "categories_list": {
    "featured": [],
    "random": 6,
    "full_width": true
  },
  "menu_all_departments": true,
  "centralized_logo": false,
  "marketing_stripe": {
    "text": "Cartão de Crédito Avista via PayPal ⛔ Não Vendemos Parcelado!",
    "link": "",
    "background": ""
  },
  "alphabetical_order_submenu": false,
  "name_all_departments": "TODOS OS PRODUTOS",
  "search_input": true,
  "desktop_megamenu": true,
  "full_width_submenu": true,
  "contacts_stripe": {
    "pages": [
      {
        "title": "Sobre nós",
        "link": "/pages/sobre-nos"
      },
      {
        "title": "Atendimento",
        "link": "https://isensat-2409.netlify.app/pages/contato"
      }
    ],
    "phone_wpp": true,
    "socials": false
  }
}