{
  "meta_title": "",
  "meta_description": "",
  "sections": [
    {
      "type": "banner-slider",
      "autoplay": 9000,
      "full_width": true,
      "slides": [
        {
          "start": "2024-02-24T01:37:11.187Z",
          "end": "",
          "img": "/img/uploads/welcome-little-one-2-.png",
          "link": "https://isensat.com.br/oculos-virtual-meta-quest-2---128gb---3d"
        },
        {
          "start": "",
          "end": "",
          "img": "/img/uploads/welcome-little-one-.png",
          "alt": "Banner sample two",
          "mobile_img": "/img/uploads/welcome-little-one-500-x-550-px-1-.png",
          "link": "https://isensat-2409.netlify.app/projetor-xiaomi-alta-resolucao---hdmiusb---150-lumens---bivolt---branco"
        },
        {
          "start": "",
          "end": "",
          "img": "/img/uploads/welcome-little-one-1-.png",
          "link": "https://isensat-2409.netlify.app/google-chromecast---com-google-tv---4k---wi-fi---branco",
          "mobile_img": "/img/uploads/welcome-little-one-500-x-550-px-.png"
        }
      ]
    },
    {
      "type": "info-bar",
      "enabled": true
    },
    {
      "page": 1,
      "title": "Produtos em Destaque ⭐",
      "shuffle": true,
      "headless": false,
      "type": "collection-shelf",
      "link": "",
      "limit": 12,
      "collection_id": null,
      "sort": "views"
    },
    {
      "type": "brands-carousel",
      "limit": 24,
      "offset": 0
    },
    {
      "type": "collection-shelf",
      "shuffle": false,
      "limit": 12,
      "page": 1,
      "collection_id": "65ca255a87ab487fbfb3e1d0:categories:Tv e Vídeo:/tv-e-video",
      "title": "Inovação e Tecnologia 📺"
    },
    {
      "type": "collection-shelf",
      "shuffle": false,
      "limit": 12,
      "page": 1,
      "collection_id": "65c990e087ab487fbfb3a25d:categories:Antenas:/antenas-para-receptor",
      "title": "Hora de Melhorar o Sinal! 📶"
    }
  ]
}